{
  "role_counts": {
    "train": 7208,
    "val": 1493,
    "calibration": 915,
    "challenge": 1909
  },
  "n_family_groups": 5141,
  "n_precap_families": 4639,
  "cap_induced_family_splits": 1,
  "family_challenge_sharing_train_frac": 0.40911471974855945,
  "sequence_train_to_challenge_cosine": {
    "max": 0.9932020306587219,
    "p99": 0.9702336192131042,
    "p90": 0.9074477553367615,
    "median": 0.7963687181472778,
    "frac_ge_threshold": 0.2644889357218124
  },
  "complex_challenge_sharing_train_frac": 0.2069146149816658,
  "physical_neighbour_challenge_touching_train_frac": 0.9339968569931901,
  "note": "physical neighbourhood is audit-only: 95% of targets share one physical component, so it cannot be a hard partition block (see spec).",
  "sequence_effectiveness_vs_random": {
    "blocked_frac_ge_threshold": 0.2644889357218124,
    "random_frac_ge_threshold": 0.5381479324403029,
    "reduction": 0.509
  }
}